Antje	bellow	09:33
Antje	gong	09:35
Jocko	grunt	09:38
Antje	gong	09:39
Jocko	grunt	09:44
Antje	gong	09:44
Jocko	whistle	09:45
Antje	whistle	09:51
Jocko	grunt	09:52
Antje	whistle	09:58
Antje	whistle	09:58
ET	grunt	09:59
Jocko	gong	09:59
Antje	chortle	10:04
Jocko	bellow	10:04
ET	bellow	10:05
Antje	chortle	10:08
Antje	whistle	10:14
Jocko	whistle	10:18
Jocko	grunt	10:19
Antje	chortle	10:26
ET	whistle	10:33
Jocko	chortle	10:34
Jocko	chortle	10:34
ET	bellow	10:35
Antje	grunt	10:36
ET	bellow	10:38
Jocko	grunt	10:42
ET	grunt	10:42
Antje	bellow	10:43
ET	grunt	10:50
Antje	chortle	10:51
Antje	grunt	10:52
Antje	whistle	10:54
ET	bellow	10:56
ET	whistle	11:02
Antje	bellow	11:03
ET	chortle	11:05
Jocko	whistle	11:08
Antje	chortle	11:16
Jocko	gong	11:16
Jocko	grunt	11:19
Jocko	chortle	11:20
Jocko	chortle	11:21
Jocko	bellow	11:22
ET	grunt	11:26
ET	grunt	11:28
ET	whistle	11:30
ET	grunt	11:31
Antje	chortle	11:31
ET	gong	11:32
Jocko	bellow	11:33
ET	chortle	11:35
ET	chortle	11:38
Jocko	gong	11:40
ET	gong	11:40
ET	whistle	11:41
Jocko	gong	11:43
ET	whistle	11:45
Antje	grunt	11:45
ET	whistle	11:46
Jocko	chortle	11:47
Jocko	grunt	11:48
ET	chortle	11:48
ET	chortle	11:48
Antje	chortle	11:48
ET	chortle	11:48
Jocko	chortle	11:49
Jocko	whistle	11:51
Jocko	gong	11:56
Jocko	chortle	11:57
Antje	chortle	11:58
Jocko	chortle	12:06
Antje	grunt	12:09
Jocko	grunt	12:09
ET	chortle	12:10
Antje	chortle	12:13
Antje	gong	12:13
Antje	bellow	12:21
ET	gong	12:24
Antje	bellow	12:25
ET	grunt	12:35
ET	chortle	12:38
Jocko	grunt	12:40
Jocko	bellow	12:44
ET	bellow	12:45
Jocko	chortle	12:46
Jocko	grunt	12:50
ET	chortle	12:51
ET	whistle	12:52
ET	chortle	12:53
Antje	whistle	13:00
Antje	whistle	13:00
Jocko	grunt	13:02
ET	bellow	13:03
ET	bellow	13:07
ET	gong	13:16
Jocko	grunt	13:17
ET	whistle	13:17
ET	bellow	13:17
Antje	whistle	13:19
ET	gong	13:22
Antje	whistle	13:22
Antje	bellow	13:23
Jocko	chortle	13:24
Jocko	bellow	13:25
ET	chortle	13:26
ET	whistle	13:35
Jocko	chortle	13:36
Antje	whistle	13:36
ET	chortle	13:37
Antje	bellow	13:37
ET	gong	13:38
Antje	chortle	13:40
Antje	chortle	13:44
Jocko	chortle	13:45
Antje	whistle	13:47
Antje	whistle	13:50
ET	gong	13:51
Jocko	whistle	13:58
Antje	chortle	13:58
Jocko	grunt	13:59
Jocko	gong	14:00
Antje	chortle	14:00
Jocko	chortle	14:05
ET	gong	14:05
Antje	bellow	14:06
Antje	whistle	14:07
Jocko	whistle	14:09
ET	gong	14:13
ET	chortle	14:18
ET	whistle	14:18
ET	bellow	14:18
Jocko	bellow	14:20
Antje	chortle	14:20
Jocko	grunt	14:22
Antje	bellow	14:24
Antje	grunt	14:26
ET	whistle	14:28
Jocko	whistle	14:29
Antje	chortle	14:31
Antje	grunt	14:33
Jocko	gong	14:35
ET	bellow	14:37
ET	whistle	14:37
Antje	bellow	14:37
ET	gong	14:38
Jocko	gong	14:41
Jocko	gong	14:44
Antje	grunt	14:46
Antje	gong	14:50
Jocko	bellow	14:55
ET	chortle	14:58
Antje	grunt	15:00
Antje	bellow	15:01
ET	grunt	15:08
ET	gong	15:12
ET	chortle	15:12
Antje	whistle	15:15
Antje	bellow	15:16
ET	whistle	15:21
Jocko	whistle	15:21
ET	gong	15:22
Antje	gong	15:24
ET	grunt	15:28
Jocko	chortle	15:34
Antje	grunt	15:36
Jocko	whistle	15:38
Antje	whistle	15:40
ET	gong	15:40
ET	gong	15:40
Jocko	whistle	15:41
Antje	whistle	15:42
Antje	chortle	15:47
ET	whistle	15:51
Antje	chortle	15:52
ET	bellow	15:52
Antje	gong	15:54
Antje	whistle	15:55
Jocko	whistle	15:56
Antje	gong	16:00
Antje	gong	16:04
Jocko	grunt	16:05
Jocko	bellow	16:08
ET	chortle	16:09
Jocko	chortle	16:10
Jocko	chortle	16:11
Antje	chortle	16:12
ET	chortle	16:15
Antje	bellow	16:20
ET	grunt	16:23
Jocko	gong	16:23
Jocko	grunt	16:24
ET	bellow	16:29
Jocko	chortle	16:31
Jocko	whistle	16:36
Antje	grunt	16:41
ET	gong	16:46
Antje	whistle	16:50
ET	whistle	16:54
